平安银行股份有限公司,24
万科企业股份有限公司,121
神州高铁技术股份有限公司,0
中国宝安集团股份有限公司,0
中国南玻集团股份有限公司,404
沙河实业股份有限公司,0
康佳集团股份有限公司,5204
深圳中华自行车,2
神州长城股份有限公司,0
深圳长城开发科技股份有限公司,303
深圳市天地,32
深圳市特力,54
飞亚达,458
深圳能源集团股份有限公司,3
国药集团一致药业股份有限公司,0
中粮地产,3
神州数码集团股份有限公司,0
深圳南山热电股份有限公司,0
中国国际海运集装箱,4326
深圳市中洲投资控股股份有限公司,0
中航地产股份有限公司,0
泛海控股股份有限公司,0
深圳市康达尔,0
深圳市德赛电池科技股份有限公司,0
天马微电子股份有限公司,3336
方大集团股份有限公司,581
深圳赛格股份有限公司,0
深圳市中金岭南有色金属股份有限公司,130
深圳市农产品股份有限公司,8
深圳华强实业股份有限公司,0
中兴通讯股份有限公司,71447
北方国际合作股份有限公司,27
中国长城科技集团股份有限公司,6
深圳华控赛格股份有限公司,0
深圳华侨城文化旅游科技股份有限公司,36
深圳市特发信息股份有限公司,109
深圳市海王生物工程股份有限公司,1
深圳市机场股份有限公司,3
深圳市天健,38
TCL集团股份有限公司,3833
安徽丰原药业股份有限公司,24
华数传媒控股股份有限公司,0
中联重科股份有限公司,7342
新疆国际实业股份有限公司,2
申万宏源集团股份有限公司,0
美的集团股份有限公司,25508
潍柴动力股份有限公司,3774
许继电气股份有限公司,2241
唐山冀东水泥股份有限公司,10
金融街控股股份有限公司,3
振兴生化股份有限公司,0
华意压缩机股份有限公司,66
山东胜利股份有限公司,19
沈阳机床股份有限公司,204
浙江英特集团股份有限公司,0
东旭光电科技股份有限公司,307
渤海金控投资股份有限公司,0
无锡小天鹅股份有限公司,3733
长沙通程控股股份有限公司,0
湖北宜化化工股份有限公司,78
徐工集团工程机械股份有限公司,3159
华天酒店集团股份有限公司,0
张家界旅游集团股份有限公司,0
山东晨鸣纸业集团股份有限公司,129
山东高速路桥集团股份有限公司,0
海虹企业(控股)股份有限公司,2977184
中润资源投资股份有限公司,0
珠海港股份有限公司,0
华塑控股股份有限公司,0
四川金路集团股份有限公司,12
丽珠医药集团股份有限公司,408
合肥美菱股份有限公司,1202
南京红太阳股份有限公司,19
广西柳工机械股份有限公司,1407
大连冷冻机股份有限公司,84
广东万家乐股份有限公司,0
万泽实业股份有限公司,0
云南白药集团股份有限公司,395
佛山电器照明股份有限公司,440
江铃汽车股份有限公司,1013
神州数码信息服务股份有限公司,0
莱茵达体育发展股份有限公司,0
万向钱潮股份有限公司,901
昆明百货大楼,0
陕西省国际信托股份有限公司,0
泸州老窖股份有限公司,300
海马汽车集团股份有限公司,4
东莞宏远工业区股份有限公司,0
无锡威孚高科技集团股份有限公司,107
东北电气发展股份有限公司,0
四川汇源光通信股份有限公司,21
贵州轮胎股份有限公司,148
中节能太阳能股份有限公司,0
宝塔实业股份有限公司,15
东北制药集团股份有限公司,154
青岛双星股份有限公司,0
阳光新业地产股份有限公司,0
西安旅游股份有限公司,0
海南大东海旅游中心股份有限公司,0
重庆长安汽车股份有限公司,9279
铜陵有色金属集团股份有限公司,247
福建三木集团股份有限公司,0
广东风华高新科技股份有限公司,599
西王食品股份有限公司,0
仁和药业股份有限公司,0
珠海格力电器股份有限公司,30667
天津泰达股份有限公司,5
金科地产集团股份有限公司,3
珠海中富实业股份有限公司,49
经纬纺织机械股份有限公司,647
美好置业集团股份有限公司,0
盈方微电子股份有限公司,3
阳光城集团股份有限公司,0
山推工程机械股份有限公司,1177
视觉(中国)文化发展股份有限公司,806531
中山公用事业集团股份有限公司,0
东北证券股份有限公司,0
华讯方舟股份有限公司,0
海南亚太实业发展股份有限公司,0
沈阳化工股份有限公司,64
江南模塑科技股份有限公司,40
厦门信达股份有限公司,0
湖南正虹科技发展股份有限公司,7
恒逸石化股份有限公司,13
大冶特殊钢股份有限公司,92
中兴-沈阳商业大厦,0
京东方科技集团股份有限公司,27407
鲁泰纺织股份有限公司,282
南京华东电子信息科技股份有限公司,83
国元证券股份有限公司,9
北京燕京啤酒股份有限公司,68
四川美丰化工股份有限公司,97
泰禾集团股份有限公司,0
罗牛山股份有限公司,0
中房地产股份有限公司,0
南风化工集团股份有限公司,128
普洛药业股份有限公司,2
国海证券股份有限公司,0
山西三维集团股份有限公司,34
山东新华制药股份有限公司,271
中百控股集团股份有限公司,0
斯太尔动力股份有限公司,0
西藏矿业发展股份有限公司,0
广发证券股份有限公司,4
新兴铸管股份有限公司,1613
广东新会美达锦纶股份有限公司,84
长江证券股份有限公司,0
北新集团建材股份有限公司,2317
北大医药股份有限公司,27
华闻传媒投资集团股份有限公司,0
海航凯撒旅游集团股份有限公司,0
中国武夷实业股份有限公司,0
酒鬼酒股份有限公司,0
一汽轿车股份有限公司,0
四川九洲电器股份有限公司,0
四川金宇汽车城,0
铁岭新城投资控股股份有限公司,0
创维数字股份有限公司,0
陕西金叶科教集团股份有限公司,0
广东汕头超声电子股份有限公司,0
山西太钢不锈钢股份有限公司,0
启迪桑德环境资源股份有限公司,0
天音通信控股股份有限公司,0
五矿稀土股份有限公司,0
广西贵糖,52
天津鑫茂科技股份有限公司,20
中信国安信息产业股份有限公司,3
大唐高鸿数据网络技术股份有限公司,0
宜宾五粮液股份有限公司,0
安徽国风塑业股份有限公司,0
广东海印集团股份有限公司,0
宁夏银星能源股份有限公司,0
烟台张裕葡萄酿酒股份有限公司,0
吉林电力股份有限公司,0
新希望六和股份有限公司,0
云南铜业股份有限公司,131
潍柴重机股份有限公司,148
北京华联商厦股份有限公司,0
海南高速公路股份有限公司,0
河南双汇投资发展股份有限公司,898
鞍钢股份有限公司,6419
航天科技控股集团股份有限公司,272
昆明云内动力股份有限公司,216
湖南景峰医药股份有限公司,0
四川泸天化股份有限公司,65
浙江钱江摩托股份有限公司,353
嘉凯城集团股份有限公司,0
海信科龙电器股份有限公司,0
哈尔滨电气集团佳木斯电机股份有限公司,0
河北宣化工程机械股份有限公司,0
北京中关村科技发展(控股)股份有限公司,2977184
湖南华菱钢铁股份有限公司,0
河南神火煤电股份有限公司,0
四川双马水泥股份有限公司,0
冀中能源股份有限公司,0
紫光股份有限公司,0
云南南天电子信息产业股份有限公司,85
新乡化纤股份有限公司,0
重庆建峰化工股份有限公司,0
中国重汽集团济南卡车股份有限公司,0
湖北广济药业股份有限公司,0
广西河池化工股份有限公司,1
北京首钢股份有限公司,456
江苏中南建设集团股份有限公司,12
华东医药股份有限公司,0
盈峰环境科技集团股份有限公司,0
高升控股股份有限公司,0
中基健康产业股份有限公司,0
佛山佛塑科技集团股份有限公司,95
浪潮电子信息产业股份有限公司,6519
桂林旅游股份有限公司,0
中弘控股股份有限公司,0
安徽众泰汽车股份有限公司,0
华工科技产业股份有限公司,0
九芝堂股份有限公司,224
诚志股份有限公司,0
中国中期投资股份有限公司,0
福建新大陆电脑股份有限公司,478
华润三九医药股份有限公司,195
重庆宗申动力机械股份有限公司,51
招商局蛇口工业区控股股份有限公司,0
浙江新和成股份有限公司,338
广东德豪润达电气股份有限公司,0
华兰生物工程股份有限公司,28
大族激光科技产业集团股份有限公司,1274
天奇自动化工程股份有限公司,0
浙江盾安人工环境股份有限公司,0
广东世荣兆业股份有限公司,0
东信和平科技股份有限公司,0
安徽华信国际控股股份有限公司,43
浙江京新药业股份有限公司,125
上海科华生物工程股份有限公司,105
四川海特高新技术股份有限公司,0
苏宁云商集团股份有限公司,113
贵州航天电器股份有限公司,665
分众传媒信息技术股份有限公司,0
思源电气股份有限公司,182
福建七匹狼实业股份有限公司,0
中山大学达安基因股份有限公司,194
浙江苏泊尔股份有限公司,0
华帝股份有限公司,426
联创电子科技股份有限公司,0
南京港股份有限公司,0
华孚色纺股份有限公司,0
国光电器股份有限公司,0
宁波华翔电子股份有限公司,0
中工国际工程股份有限公司,0
深圳市同洲电子股份有限公司,0
深圳市得润电子股份有限公司,305
横店集团东磁股份有限公司,872
广东水电二局股份有限公司,0
宏润建设集团股份有限公司,135
远光软件股份有限公司,191
浙江华峰氨纶股份有限公司,198
东华软件股份公司,13
瑞泰科技股份有限公司,242
江西黑猫炭黑股份有限公司,0
福建众和股份有限公司,0
长城影视股份有限公司,0
软控股份有限公司,0
国轩高科股份有限公司,0
江苏沙钢股份有限公司,0
广东雪莱特光电科技股份有限公司,318
苏州金螳螂建筑装饰股份有限公司,1223
孚日集团股份有限公司,215
广州海鸥卫浴用品股份有限公司,0
浙江万丰奥威汽轮股份有限公司,0
江苏金智科技股份有限公司,107
江苏国泰国际集团国贸股份有限公司,0
新疆中泰化学股份有限公司,0
国脉科技股份有限公司,0
青岛金王应用化学股份有限公司,0
浙江网盛生意宝股份有限公司,1
山河智能装备股份有限公司,0
浙江海翔药业股份有限公司,0
广东鸿图科技股份有限公司,0
广博集团股份有限公司,0
恒宝股份有限公司,159
深圳莱宝高科技股份有限公司,318
山东沃华医药科技股份有限公司,0
福建三钢闽光股份有限公司,178
三维通信股份有限公司,0
中国海诚工程科技股份有限公司,0
东港股份有限公司,42
深圳市科陆电子科技股份有限公司,958
天邦食品股份有限公司,0
深圳市沃尔核材股份有限公司,0
利欧集团股份有限公司,69
河南恒星科技股份有限公司,160
广宇集团股份有限公司,0
天津普林电路股份有限公司,178
深圳顺络电子股份有限公司,448
深圳拓邦股份有限公司,0
东华工程科技股份有限公司,181
宁波银行股份有限公司,0
荣盛房地产发展股份有限公司,0
北京北纬通信科技股份有限公司,0
西部金属材料股份有限公司,0
广州广电运通金融电子股份有限公司,0
报喜鸟控股股份有限公司,0
江西正邦科技股份有限公司,0
江苏常铝铝业股份有限公司,65
深圳市远望谷信息技术股份有限公司,365
桂林莱茵生物科技股份有限公司,0
深圳市惠程电气股份有限公司,0
深圳市芭田生态工程股份有限公司,0
游族网络股份有限公司,0
东方时代网络传媒股份有限公司,1
广州御银科技股份有限公司,0
上海延华智能科技,6
纳思达股份有限公司,0
广东广州日报传媒股份有限公司,0
深圳市怡亚通供应链股份有限公司,1
上海海得控制系统股份有限公司,0
天水华天科技股份有限公司,0
中国全聚德,0
广州市广百股份有限公司,0
巴士在线股份有限公司,0
深圳劲嘉集团股份有限公司,0
融捷股份有限公司,0
武汉凡谷电子技术股份有限公司,246
上海二三四五网络控股集团股份有限公司,0
浙江方正电机股份有限公司,50
江苏九鼎新材料股份有限公司,0
新疆金风科技股份有限公司,0
大连华锐重工集团股份有限公司,0
新疆准东石油技术股份有限公司,0
广州达意隆包装机械股份有限公司,0
深圳市特尔佳科技股份有限公司,82
浙江大立科技股份有限公司,63
深圳诺普信农化股份有限公司,0
三全食品股份有限公司,0
合力泰科技股份有限公司,0
深圳市拓日新能源科技股份有限公司,190
大连天宝绿色食品股份有限公司,0
江苏鱼跃医疗设备股份有限公司,0
三力士股份有限公司,35
濮阳濮耐高温材料,0
安徽江南化工股份有限公司,110
鸿博股份有限公司,42
科大讯飞股份有限公司,321
奥维通信股份有限公司,0
启明信息技术股份有限公司,0
厦门安妮股份有限公司,0
浙江大华技术股份有限公司,0
山东恒邦冶炼股份有限公司,0
深圳市天威视讯股份有限公司,0
奥特佳新能源科技股份有限公司,0
广东威华股份有限公司,0
歌尔股份有限公司,1420
九阳股份有限公司,0
深圳市通产丽星股份有限公司,359
杭州滨江房产集团股份有限公司,0
威海华东数控股份有限公司,0
中山大洋电机股份有限公司,0
联化科技股份有限公司,93
步步高商业连锁股份有限公司,0
上海莱士血液制品股份有限公司,0
四川川大智胜软件股份有限公司,247
烟台泰和新材料股份有限公司,0
苏州海陆重工股份有限公司,100
利尔化学股份有限公司,0
拓维信息系统股份有限公司,0
江苏恩华药业股份有限公司,114
浙江大东南股份有限公司,4
新华都购物广场股份有限公司,0
成都卫士通信息产业股份有限公司,272
上海美特斯邦威服饰股份有限公司,0
北京东方雨虹防水技术股份有限公司,0
浙江水晶光电科技股份有限公司,0
浙江万马股份有限公司,0
上海神开石油化工装备股份有限公司,432
北京久其软件股份有限公司,0
武汉光迅科技股份有限公司,0
深圳世联行地产顾问股份有限公司,0
西藏奇正藏药股份有限公司,94
深圳市宇顺电子股份有限公司,143
苏州中科创新型材料股份有限公司,0
星期六股份有限公司,0
奥飞娱乐股份有限公司,0
罗莱生活科技股份有限公司,0
深圳信立泰药业股份有限公司,163
河南辉煌科技股份有限公司,0
湖南博云新材料股份有限公司,0
深圳齐心集团股份有限公司,0
中建西部建设股份有限公司,54
美盈森集团股份有限公司,73
江苏洋河酒厂股份有限公司,198
南国置业股份有限公司,0
中科云网科技集团股份有限公司,0
新疆北新路桥集团股份有限公司,22
威创集团股份有限公司,0
江苏中利集团股份有限公司,0
北京东方园林环境股份有限公司,0
广东海大集团股份有限公司,97
成都三泰控股集团股份有限公司,33
深圳日海通讯技术股份有限公司,0
焦点科技股份有限公司,217
深圳键桥通讯技术股份有限公司,0
广东众生药业股份有限公司,94
浙江久立特材科技股份有限公司,0
珠海市乐通化工股份有限公司,30
上海普利特复合材料股份有限公司,436
深圳市富安娜家居用品股份有限公司,51
皇氏集团股份有限公司,0
山东得利斯食品股份有限公司,9
浙江仙琚制药股份有限公司,92
苏州罗普斯金铝业股份有限公司,0
深圳市英威腾电气股份有限公司,706
厦门科华恒盛股份有限公司,0
人人乐连锁商业集团股份有限公司,0
天津赛象科技股份有限公司,264
积成电子股份有限公司,260
格林美股份有限公司,0
深圳市新纶科技股份有限公司,0
慈文传媒股份有限公司,0
广东潮宏基实业股份有限公司,170
北京科锐配电自动化股份有限公司,0
顺丰控股股份有限公司,0
烟台杰瑞石油服务集团股份有限公司,93
深圳赫美集团股份有限公司,0
汉王科技股份有限公司,0
杭州中恒电气股份有限公司,0
台海玛努尔核电设备股份有限公司,20
康力电梯股份有限公司,1033
太极计算机股份有限公司,15
深圳市卓翼科技股份有限公司,72
浙江伟星新型建材股份有限公司,378
北京千方科技股份有限公司,8
浙江亚厦装饰股份有限公司,776
崇义章源钨业股份有限公司,93
南京科远自动化集团股份有限公司,158
蓝帆医疗股份有限公司,18
北京合众思壮科技股份有限公司,43
苏州东山精密制造股份有限公司,294
北京大北农科技集团股份有限公司,763
宜宾天原集团股份有限公司,160
黑牛食品股份有限公司,201
贵州信邦制药股份有限公司,160
北京利尔高温材料股份有限公司,164
福建星网锐捷通讯股份有限公司,223
湖南梦洁家纺股份有限公司,566
厦门市建筑科学研究院集团股份有限公司,72
深圳市海普瑞药业集团股份有限公司,0
广东省广告集团股份有限公司,0
深圳和而泰智能控制股份有限公司,503
浙江爱仕达电器股份有限公司,1920
浙江嘉欣丝绸股份有限公司,33
北京四维图新科技股份有限公司,383
广联达科技股份有限公司,14
武汉高德红外股份有限公司,72
杭州海康威视数字技术股份有限公司,1841
深圳市爱施德股份有限公司,0
福建三元达通讯股份有限公司,222
浙江康盛股份有限公司,118
天虹商场股份有限公司,0
广州毅昌科技股份有限公司,263
深圳达实智能股份有限公司,238
四川科伦药业股份有限公司,1643
贵州百灵企业集团制药股份有限公司,152
苏州胜利精密制造科技股份有限公司,204
浙江尤夫高新纤维股份有限公司,84
深圳市兆驰股份有限公司,74
杭州杭氧股份有限公司,175
天津九安医疗电子股份有限公司,215
广东太安堂药业股份有限公司,55
深圳市兴森快捷电路科技股份有限公司,544
哈尔滨誉衡药业股份有限公司,36
江苏神通阀门股份有限公司,451
启明星辰信息技术集团股份有限公司,55
龙星化工股份有限公司,47
杭州巨星科技股份有限公司,1150
佛山市国星光电股份有限公司,433
康得新复合材料集团股份有限公司,0
苏州天马精细化学品股份有限公司,61
深圳欧菲光科技股份有限公司,1828
山东益生种畜禽股份有限公司,3
广州珠江啤酒股份有限公司,106
嘉事堂药业股份有限公司,3
沪士电子股份有限公司,48
昆山金利表面材料应用科技股份有限公司,91
广州海格通信集团股份有限公司,332
二六三网络通信股份有限公司,10
申通快递股份有限公司,0
山东三维石化工程股份有限公司,98
金正大生态工程集团股份有限公司,101
福建榕基软件股份有限公司,77
立讯精密工业股份有限公司,238
雏鹰农牧集团股份有限公司,46
浙江富春江环保热电股份有限公司,121
深圳广田集团股份有限公司,20
辽宁大金重工股份有限公司,63
浙江永强集团股份有限公司,368
山东墨龙石油机械股份有限公司,86
广东佳隆食品股份有限公司,58
江苏辉丰农化股份有限公司,266
四川雅化实业集团股份有限公司,47
山西证券股份有限公司,0
北京弘高创意建筑设计股份有限公司,0
协鑫集成科技股份有限公司,202
杭州老板电器股份有限公司,396
天津汽车模具股份有限公司,221
恺英网络股份有限公司,0
深圳科士达科技股份有限公司,199
江苏银河电子股份有限公司,313
浙江众成包装材料股份有限公司,63
光正集团股份有限公司,8
山东矿机集团股份有限公司,145
上海新时达电气股份有限公司,448
深圳英飞拓科技股份有限公司,301
新界泵业集团股份有限公司,214
金杯电工股份有限公司,56
杭州锅炉集团股份有限公司,153
海联金汇科技股份有限公司,0
江苏亚太轻合金科技股份有限公司,136
安徽鸿路钢结构,0
中化岩土集团股份有限公司,1
广东万和新电气股份有限公司,698
广州杰赛科技股份有限公司,1351
深圳市金新农科技股份有限公司,18
华油惠博普科技股份有限公司,50
芜湖顺荣三七互娱网络科技股份有限公司,0
洽洽食品股份有限公司,172
巨人网络集团股份有限公司,0
江苏亚威机床股份有限公司,281
兄弟科技股份有限公司,47
浙江森马服饰股份有限公司,18
唐人神集团股份有限公司,51
贝因美婴童食品股份有限公司,37
安徽德力日用玻璃股份有限公司,374
索菲亚家居股份有限公司,140
广东群兴玩具股份有限公司,202
深圳雷柏科技股份有限公司,437
惠州中京电子科技股份有限公司,94
山东圣阳电源股份有限公司,235
好想你枣业股份有限公司,179
海能达通信股份有限公司,635
西陇科学股份有限公司,6
深圳市奥拓电子股份有限公司,400
史丹利农业集团股份有限公司,42
瑞康医药股份有限公司,0
厦门日上集团股份有限公司,19
比亚迪股份有限公司,17562
山东省章丘鼓风机股份有限公司,69
石家庄以岭药业股份有限公司,186
亚夏汽车股份有限公司,0
江苏国信股份有限公司,0
江苏爱康科技股份有限公司,3
朗姿股份有限公司,5
洛阳北方玻璃技术股份有限公司,331
浙江哈尔斯真空器皿股份有限公司,343
广东长青,144
深圳瑞和建筑装饰股份有限公司,142
融钰集团股份有限公司,0
完美世界股份有限公司,0
华西能源工业股份有限公司,147
金安国纪科技股份有限公司,63
东莞勤上光电股份有限公司,866
福建雪人股份有限公司,172
跨境通宝电子商务股份有限公司,0
永高股份有限公司,332
北京荣之联科技股份有限公司,73
中节能万润股份有限公司,287
浙江卫星石化股份有限公司,42
博彦科技股份有限公司,12
成都利君实业股份有限公司,173
海思科医药集团股份有限公司,0
深圳万润科技股份有限公司,90
北京中科金财科技股份有限公司,95
北京雪迪龙科技股份有限公司,253
茂硕电源科技股份有限公司,155
克明面业股份有限公司,130
北京威卡威汽车零部件股份有限公司,0
广州普邦园林股份有限公司,61
北京首航艾启威节能技术股份有限公司,49
广东奥马电器股份有限公司,303
东江环保股份有限公司,98
西部证券股份有限公司,0
兴业皮革科技股份有限公司,89
深圳市奋达科技股份有限公司,155
广东宏大爆破股份有限公司,124
广东猛狮新能源科技股份有限公司,6
无锡华东重型机械股份有限公司,37
浙江亿利达风机股份有限公司,132
金河生物科技股份有限公司,29
合肥美亚光电技术股份有限公司,246
美盛文化创意股份有限公司,97
奥瑞金包装股份有限公司,140
海欣食品股份有限公司,43
广东新宝电器股份有限公司,3048
上海良信电器股份有限公司,487
众信旅游集团股份有限公司,0
常州光洋轴承股份有限公司,123
广州天赐高新材料股份有限公司,159
欧浦智网股份有限公司,9
思美传媒股份有限公司,0
东易日盛家居装饰集团股份有限公司,74
牧原食品股份有限公司,521
怀集登云汽配股份有限公司,46
岭南园林股份有限公司,49
北京金一文化发展股份有限公司,0
金轮蓝海股份有限公司,0
海洋王照明科技股份有限公司,12528
山东龙大肉食品股份有限公司,4
云南鸿翔一心堂药业,4
特一药业集团股份有限公司,1
广东燕塘乳业股份有限公司,24
国信证券股份有限公司,6
葵花药业集团股份有限公司,3
中矿资源勘探股份有限公司,13
万达电影股份有限公司,0
广东光华科技股份有限公司,79
木林森股份有限公司,529
深圳市易尚展示股份有限公司,101
昇兴集团股份有限公司,27
多喜爱集团股份有限公司,0
深圳汇洁集团股份有限公司,65
深圳市索菱实业股份有限公司,154
杭州先锋电子技术股份有限公司,27
深圳市普路通供应链管理股份有限公司,2
北京真视通科技股份有限公司,17
成都康弘药业集团股份有限公司,79
快意电梯股份有限公司,97
四川久远银海软件股份有限公司,9
北京三夫户外用品股份有限公司,17
深圳市奇信建设集团股份有限公司,31
深圳可立克科技股份有限公司,31
深圳市银宝山新科技股份有限公司,157
广东坚朗五金制品股份有限公司,472
广东通宇通讯股份有限公司,453
永和流体智控股份有限公司,12
苏州市世嘉科技股份有限公司,60
第一创业证券股份有限公司,0
四川帝王洁具股份有限公司,208
西安环球印务股份有限公司,43
深圳市路畅科技股份有限公司,214
北京东方中科集成科技股份有限公司,0
深圳市中装建设集团股份有限公司,54
深圳市凯中精密技术股份有限公司,63
深圳市名雕装饰股份有限公司,36
广州视源电子科技股份有限公司,2718
深圳麦格米特电气股份有限公司,280
广东皮阿诺科学艺术家居股份有限公司,73
周大生珠宝股份有限公司,102
绿康生化股份有限公司,30
贵阳新天药业股份有限公司,92
广东凌霄泵业股份有限公司,47
深圳市京泉华科技股份有限公司,80
山东航空股份有限公司,0
南京普天通信股份有限公司,182
瓦房店轴承股份有限公司,20
杭州汽轮机股份有限公司,164
青岛特锐德电气股份有限公司,305
北京神州泰岳软件股份有限公司,481
汉威科技集团股份有限公司,0
安徽安科生物工程,56
北京立思辰科技股份有限公司,0
北京鼎汉技术股份有限公司,101
华测检测认证集团股份有限公司,71
惠州亿纬锂能股份有限公司,417
爱尔眼科医院集团股份有限公司,8
网宿科技股份有限公司,361
银江股份有限公司,205
西安宝德自动化股份有限公司,64
沈阳新松机器人自动化股份有限公司,842
杭州华星创业通信技术股份有限公司,6
天津红日药业股份有限公司,185
华谊兄弟传媒股份有限公司,0
金亚科技股份有限公司,74
广州阳普医疗科技股份有限公司,124
浙江核新同花顺网络信息股份有限公司,14
北京超图软件股份有限公司,43
深圳新宙邦科技股份有限公司,186
深圳市朗科科技股份有限公司,267
星辉互动娱乐股份有限公司,87
北京华力创通科技股份有限公司,146
深圳天源迪科信息技术股份有限公司,39
内蒙古福瑞医疗科技股份有限公司,3
珠海世纪鼎利科技股份有限公司,10
厦门三五互联科技股份有限公司,9
深圳中青宝互动网络股份有限公司,9
北京万邦达环保技术股份有限公司,122
北京蓝色光标品牌管理顾问股份有限公司,6
东方财富信息股份有限公司,0
广东天龙油墨集团股份有限公司,21
北京海兰信数据科技股份有限公司,46
浙江南都电源动力股份有限公司,228
北京碧水源科技股份有限公司,66
北京华谊嘉信整合营销顾问集团股份有限公司,0
华平信息技术股份有限公司,199
北京数字政通科技股份有限公司,1
宁波GQY视讯股份有限公司,79
国民技术股份有限公司,1191
思创医惠科技股份有限公司,53
海默科技,62
深圳市银之杰科技股份有限公司,104
康芝药业股份有限公司,52
江苏金通灵流体机械科技股份有限公司,66
四川科新机电股份有限公司,34
湛江国联水产开发股份有限公司,46
易联众信息技术股份有限公司,45
乐视网信息技术(北京)股份有限公司,3485990
浙江向日葵光能科技股份有限公司,27
杭州顺网科技股份有限公司,41
深圳市长盈精密技术股份有限公司,355
东方日升新能源股份有限公司,82
天津瑞普生物技术股份有限公司,285
天津经纬电材股份有限公司,96
太阳鸟游艇股份有限公司,299
深圳市汇川技术股份有限公司,644
深圳市新国都技术股份有限公司,179
深圳市英唐智能控制股份有限公司,16
浙江华策影视股份有限公司,1
深圳市大富科技股份有限公司,545
深圳市信维通信股份有限公司,362
云南沃森生物技术股份有限公司,43
汤臣倍健股份有限公司,180
广州市香雪制药股份有限公司,130
天舟文化股份有限公司,0
量子高科(中国)生物股份有限公司,807856
深圳市昌红科技股份有限公司,20
深圳市瑞凌实业股份有限公司,169
广东安居宝数码科技股份有限公司,217
恒泰艾普集团股份有限公司,7
山西振东制药股份有限公司,84
新疆机械研究院股份有限公司,70
江苏秀强玻璃工艺股份有限公司,110
武汉华中数控股份有限公司,179
深圳雷曼光电科技股份有限公司,207
江苏天瑞仪器股份有限公司,424
北京东方国信科技股份有限公司,3
深圳市迪威视讯股份有限公司,25
万达信息股份有限公司,69
常州天晟新材料股份有限公司,46
上海汉得信息技术股份有限公司,4
上海东富龙科技股份有限公司,888
朗源股份有限公司,3
广东鸿特精密技术股份有限公司,59
广州中海达卫星导航技术股份有限公司,79
深圳市腾邦国际商业服务股份有限公司,1
北京捷成世纪科技股份有限公司,68
青岛东软载波科技股份有限公司,80
武汉力源信息技术股份有限公司,9
通裕重工股份有限公司,133
永清环保股份有限公司,66
厦门市美亚柏科信息股份有限公司,368
深圳市佳士科技股份有限公司,87
福安药业,107
天津长荣科技集团股份有限公司,0
深圳市铁汉生态环境股份有限公司,202
深圳翰宇药业股份有限公司,451
徐州海伦哲专用车辆股份有限公司,282
聚龙股份有限公司,124
聚光科技(杭州)股份有限公司,3080607
舒泰神(北京)生物制药股份有限公司,661992
武汉天喻信息产业股份有限公司,286
深圳市理邦精密仪器股份有限公司,820
欣旺达电子股份有限公司,254
天泽信息产业股份有限公司,75
江苏亿通高科技股份有限公司,206
北京易华录信息技术股份有限公司,220
北京佳讯飞鸿电气股份有限公司,493
苏州电器科学研究院股份有限公司,92
湖南千山制药机械股份有限公司,1177
武汉金运激光股份有限公司,177
广东银禧科技股份有限公司,92
北京君正集成电路股份有限公司,142
烟台正海磁性材料股份有限公司,93
上海金力泰化工股份有限公司,51
上海钢联电子商务股份有限公司,2
深圳光韵达光电科技股份有限公司,54
张家港富瑞特种装备股份有限公司,244
北京拓尔思信息技术股份有限公司,23
北京银信长远科技股份有限公司,18
深圳市洲明科技股份有限公司,289
山东金城医药集团股份有限公司,0
山东美晨科技股份有限公司,143
江苏飞力达国际物流股份有限公司,3
深圳市瑞丰光电子股份有限公司,211
浙江迪安诊断技术股份有限公司,1
上海天玑科技股份有限公司,19
新开普电子股份有限公司,112
杭州初灵信息技术股份有限公司,52
北京光线传媒股份有限公司,2
卫宁健康科技集团股份有限公司,0
河北常山生化药业股份有限公司,16
浙江开山压缩机股份有限公司,7
洛阳隆华传热节能股份有限公司,136
湖南尔康制药股份有限公司,216
深圳市联建光电股份有限公司,175
杭州中威电子股份有限公司,75
北京华宇软件股份有限公司,6
上海开能环保设备股份有限公司,150
珠海和佳医疗设备股份有限公司,133
阳光电源股份有限公司,1177
湖北三丰智能输送装备股份有限公司,72
深圳海联讯科技股份有限公司,14
苏交科集团股份有限公司,305
贵阳朗玛信息技术股份有限公司,192
北京利德曼生化股份有限公司,120
江苏三六五网络股份有限公司,0
利亚德光电股份有限公司,323
蓝盾信息安全技术股份有限公司,119
深圳市长方集团股份有限公司,1
北京同有飞骥科技股份有限公司,85
深圳市聚飞光电股份有限公司,130
江苏云意电气股份有限公司,235
广东宜通世纪科技股份有限公司,18
任子行网络技术股份有限公司,138
北京掌趣科技股份有限公司,0
深圳珈伟光伏照明股份有限公司,65
北京博晖创新光电技术股份有限公司,50
江阴海达橡塑股份有限公司,298
惠州硕贝德无线科技股份有限公司,193
华灿光电股份有限公司,201
北京旋极信息技术股份有限公司,227
中颖电子股份有限公司,141
深圳兆日科技股份有限公司,47
天津膜天膜科技股份有限公司,89
上海新文化传媒集团股份有限公司,0
长沙开元仪器股份有限公司,656
江苏润和软件股份有限公司,16
杭州泰格医药科技股份有限公司,9
深圳市长亮科技股份有限公司,0
北京北信源软件股份有限公司,174
北京东土科技股份有限公司,342
光一科技股份有限公司,74
浙江我武生物科技股份有限公司,13
楚天科技股份有限公司,1921
全通教育集团(广东)股份有限公司,3081035
重庆博腾制药科技股份有限公司,49
北京恒华伟业科技股份有限公司,219
四川创意信息技术股份有限公司,9
东方网力科技股份有限公司,148
北京神州绿盟信息安全科技股份有限公司,373
北京安控科技股份有限公司,76
北京恒通创新赛木科技股份有限公司,78
天津鹏翎胶管股份有限公司,347
易事特集团股份有限公司,100
深圳市赢时胜信息技术股份有限公司,0
鼎捷软件股份有限公司,36
北京东方通科技股份有限公司,23
上海安硕信息技术股份有限公司,0
北京光环新网科技股份有限公司,0
飞天诚信科技股份有限公司,1197
安徽国祯环保节能科技股份有限公司,116
深圳市艾比森光电股份有限公司,117
康跃科技股份有限公司,145
迪瑞医疗科技股份有限公司,231
西安天和防务技术股份有限公司,63
南京宝色股份公司,79
广州博济医药生物技术股份有限公司,11
潮州三环,221
浙江迦南科技股份有限公司,183
快乐购物股份有限公司,4
广东伊之密精密机械股份有限公司,119
北京昆仑万维科技股份有限公司,11
北京浩丰创源科技股份有限公司,0
广州航新航空科技股份有限公司,41
厦门红相电力设备股份有限公司,117
常州强力电子新材料股份有限公司,43
暴风集团股份有限公司,79
蓝思科技股份有限公司,271
杭州中泰深冷技术股份有限公司,74
广州鹏辉能源科技股份有限公司,43
美康生物科技股份有限公司,124
成都运达科技股份有限公司,65
山东莱芜金雷风电科技股份有限公司,46
北京汉邦高科数字技术股份有限公司,72
创业软件股份有限公司,27
北京耐威科技股份有限公司,0
珠海全志科技股份有限公司,352
广东惠伦晶体科技股份有限公司,22
上海华铭智能终端设备股份有限公司,62
高伟达软件股份有限公司,0
深圳四方精创资讯股份有限公司,0
上海中信信息发展股份有限公司,34
神思电子技术股份有限公司,114
广州万孚生物技术股份有限公司,202
华自科技股份有限公司,210
上海润欣科技股份有限公司,5
湖北盛天网络技术股份有限公司,22
中科创达软件股份有限公司,232
广东温氏食品集团股份有限公司,251
启迪设计集团股份有限公司,6
深圳市名家汇科技股份有限公司,43
杭州中亚机械股份有限公司,638
深圳友讯达科技股份有限公司,79
湖南三德科技股份有限公司,332
科大国创软件股份有限公司,7
北京辰安科技股份有限公司,25
珠海健帆生物科技股份有限公司,163
深圳市优博讯科技股份有限公司,27
深圳市今天国际物流技术股份有限公司,55
深圳冰川网络股份有限公司,0
深圳市同益实业股份有限公司,4
北京先进数通信息技术股份公司,21
深圳市朗科智能电气股份有限公司,55
深圳市雄帝科技股份有限公司,66
浙江和仁科技股份有限公司,6
无锡路通视信网络股份有限公司,78
武汉理工光科股份有限公司,144
贝达药业股份有限公司,28
深圳市星源材质科技股份有限公司,164
上海会畅通讯股份有限公司,2
北京数字认证股份有限公司,15
江龙船艇科技股份有限公司,97
上海移为通信技术股份有限公司,34
广东万里马实业股份有限公司,9
诚迈科技(南京)股份有限公司,3100441
深圳市飞荣达科技股份有限公司,75
东莞金太阳研磨股份有限公司,16
广东拓斯达科技股份有限公司,101
北京思特奇信息技术股份有限公司,703
宣亚国际品牌管理(北京)股份有限公司,3485990
深圳市欣天科技股份有限公司,41
广州尚品宅配家居股份有限公司,2
博士眼镜连锁股份有限公司,15
广东三雄极光照明股份有限公司,162
海南普利制药股份有限公司,23
深圳开立生物医疗科技股份有限公司,221
广东达安项目管理股份有限公司,3
深圳市广和通无线股份有限公司,66
浙江正元智慧科技股份有限公司,19
福建星云电子股份有限公司,20
深圳市民德电子科技股份有限公司,18
中孚信息股份有限公司,19
北京科锐国际人力资源股份有限公司,0
北京科蓝软件系统股份有限公司,0
深圳市杰恩创意设计股份有限公司,3
深圳市富满电子集团股份有限公司,53
湖南国科微电子股份有限公司,138
深圳市建筑科学研究院股份有限公司,67
深圳华大基因股份有限公司,108
上海浦东发展银行股份有限公司,7
广州白云国际机场股份有限公司,2
东风汽车股份有限公司,1627
中国国际贸易中心股份有限公司,5
北京首创股份有限公司,8
上海国际机场股份有限公司,21
内蒙古包钢钢联股份有限公司,2031
华能国际电力股份有限公司,352
华夏银行股份有限公司,18
中国民生银行股份有限公司,108
日照港股份有限公司,154
上海国际港务,119
宝山钢铁股份有限公司,11289
上海电力股份有限公司,72
中国石油化工股份有限公司,56163
中国南方航空股份有限公司,25
中信证券股份有限公司,0
三一重工股份有限公司,3584
招商银行股份有限公司,86
北京歌华有线电视网络股份有限公司,31
保利房地产,0
中国联合网络通信股份有限公司,1
浙江广厦股份有限公司,0
昆吾九鼎投资控股股份有限公司,0
北京万东医疗科技股份有限公司,0
中国医药健康产业股份有限公司,1
厦门象屿股份有限公司,0
青岛海信电器股份有限公司,5489
国投安信股份有限公司,0
华润双鹤药业股份有限公司,52
南京高科股份有限公司,0
郑州宇通客车股份有限公司,2105
中国葛洲坝集团股份有限公司,1014
河南银鸽实业投资股份有限公司,22
上海梅林正广和股份有限公司,146
江苏保千里视像科技集团股份有限公司,49
人福医药集团股份公司,156
东风电子科技股份有限公司,75
天津海泰科技发展股份有限公司,0
中信国安葡萄酒业股份有限公司,3
北京同仁堂股份有限公司,90
中视传媒股份有限公司,0
特变电工股份有限公司,321
包头明天科技股份有限公司,0
云南云天化股份有限公司,258
广州发展集团股份有限公司,6
林海股份有限公司,38
同方股份有限公司,747
上海汽车集团股份有限公司,3495
国金证券股份有限公司,0
贵州长征天成控股股份有限公司,0
杭州钢铁股份有限公司,4
金健米业股份有限公司,117
重庆太极实业,4
宁波波导股份有限公司,25
中青旅控股股份有限公司,0
湖北兴发化工集团股份有限公司,320
金发科技股份有限公司,1980
中国船舶工业股份有限公司,3
上海航天汽车机电股份有限公司,226
宁波维科精华集团股份有限公司,3
厦门建发股份有限公司,1
中体产业集团股份有限公司,0
浙江巨化股份有限公司,68
深圳香江控股股份有限公司,0
北汽福田汽车股份有限公司,9425
联美量子股份有限公司,0
太原重工股份有限公司,1605
上海建工集团股份有限公司,550
上海贝岭股份有限公司,687
河南黄河旋风股份有限公司,241
中国巨石股份有限公司,0
雅戈尔集团股份有限公司,9
哈尔滨东安汽车动力股份有限公司,385
瑞茂通供应链管理股份有限公司,0
佳通轮胎股份有限公司,0
广东生益科技股份有限公司,1160
北方光电股份有限公司,0
包头华资实业股份有限公司,1
中牧实业股份有限公司,137
上海复星医药,403
大唐电信科技股份有限公司,95
金宇生物技术股份有限公司,0
新湖中宝股份有限公司,0
浙江医药股份有限公司,484
江苏阳光股份有限公司,678
天津松江股份有限公司,0
江西昌九生物化工股份有限公司,0
凌源钢铁股份有限公司,0
圆通速递股份有限公司,0
山西广和山水文化传播股份有限公司,0
云南城投置业股份有限公司,0
北京万通地产股份有限公司,0
吉林成城集团股份有限公司,0
柳州两面针股份有限公司,166
广西梧州中恒集团股份有限公司,0
广汇能源股份有限公司,0
浙江阳光照明电器集团股份有限公司,195
内蒙古北方重型汽车股份有限公司,216
浙江海正药业股份有限公司,421
国电南京自动化股份有限公司,668
中外运空运发展股份有限公司,2
航天信息股份有限公司,1636
江苏恒瑞医药股份有限公司,427
南京钢铁股份有限公司,1548
上海浦东路桥建设股份有限公司,142
河南羚锐制药股份有限公司,82
江苏舜天股份有限公司,0
大恒新纪元科技股份有限公司,46
亿阳信通股份有限公司,136
华仪电气股份有限公司,69
内蒙古鄂尔多斯资源股份有限公司,72
广汇汽车服务股份公司,0
维维食品饮料股份有限公司,44
南宁化工股份有限公司,12
江苏恒顺醋业股份有限公司,233
沈阳商业城股份有限公司,0
万华化学集团股份有限公司,484
上海家化联合股份有限公司,1234
江西洪都航空工业股份有限公司,0
营口港务股份有限公司,0
潍坊亚星化学股份有限公司,5
上海振华重工,1290
四川国栋建设股份有限公司,5
珠海华发实业股份有限公司,0
天津中新药业集团股份有限公司,862
广州白云山医药集团股份有限公司,44
澳柯玛股份有限公司,954
中国石油集团工程股份有限公司,0
华夏幸福基业股份有限公司,1
陕西航天动力高科技股份有限公司,217
恒力石化股份有限公司,0
山东高速股份有限公司,70
亚宝药业集团股份有限公司,241
浙江龙盛集团股份有限公司,332
精伦电子股份有限公司,126
牡丹江恒丰纸业股份有限公司,52
江西铜业股份有限公司,749
江西联创光电科技股份有限公司,54
西南证券股份有限公司,0
万向德农股份有限公司,0
健康元药业集团股份有限公司,12
广东明珠集团股份有限公司,6
金地,886
福建龙净环保股份有限公司,615
五矿资本股份有限公司,0
海澜之家股份有限公司,40
海润光伏科技股份有限公司,159
河南大有能源股份有限公司,94
北京动力源科技股份有限公司,220
国电南瑞科技股份有限公司,2504
山西安泰集团股份有限公司,39
北京华胜天成科技股份有限公司,155
湘潭电机股份有限公司,862
安徽江淮汽车集团股份有限公司,2508
上海现代制药股份有限公司,112
昆药集团股份有限公司,139
柳州化工股份有限公司,50
新疆青松建材化工,0
山东华鲁恒升化工股份有限公司,123
广东冠豪高新技术股份有限公司,45
通威股份有限公司,598
深圳市金证科技股份有限公司,51
华纺股份有限公司,125
株洲时代新材料科技股份有限公司,1584
杭州士兰微电子股份有限公司,828
山东好当家海洋发展股份有限公司,578
风神轮胎股份有限公司,453
杭萧钢构股份有限公司,288
湖南科力远新能源股份有限公司,42
株洲千金药业股份有限公司,525
凌云工业股份有限公司,220
双良节能系统股份有限公司,409
北京信威科技集团股份有限公司,0
江苏亨通光电股份有限公司,624
天津天药药业股份有限公司,27
龙元建设集团股份有限公司,52
烽火通信科技股份有限公司,2676
中化国际(控股)股份有限公司,2983667
航天晨光股份有限公司,307
华丽家族股份有限公司,0
上海大屯能源股份有限公司,341
国药集团药业股份有限公司,0
康美药业股份有限公司,225
贵州茅台酒股份有限公司,126
浙江华海药业股份有限公司,411
江苏中天科技股份有限公司,340
长园集团股份有限公司,156
浙江菲达环保科技股份有限公司,256
上海交大昂立股份有限公司,61
河南豫光金铅股份有限公司,149
天士力医药集团股份有限公司,0
中国软件与技术服务股份有限公司,85
亿晶光电科技股份有限公司,0
新疆赛里木现代农业股份有限公司,0
山煤国际能源集团股份有限公司,0
山东黄金矿业股份有限公司,37
深圳高速公路股份有限公司,3
厦门钨业股份有限公司,314
凯盛科技股份有限公司,28
江苏康缘药业股份有限公司,658
山鹰国际控股股份公司,0
恒生电子股份有限公司,81
信雅达系统工程股份有限公司,51
浙江康恩贝制药股份有限公司,120
卧龙电气集团股份有限公司,1137
新疆八一钢铁股份有限公司,1114
天地科技股份有限公司,827
海洋石油工程股份有限公司,1578
安徽海螺水泥股份有限公司,0
山东金晶科技股份有限公司,86
山东新华医疗器械股份有限公司,2270
用友网络科技股份有限公司,341
泰豪科技股份有限公司,821
贵州益佰制药股份有限公司,446
浙江新安化工集团股份有限公司,368
光明乳业股份有限公司,1015
黑龙江北大荒农业股份有限公司,5
青岛啤酒股份有限公司,299
方正科技集团股份有限公司,20
绿地控股集团股份有限公司,0
金杯汽车股份有限公司,0
老凤祥股份有限公司,0
上海氯碱化工股份有限公司,237
上海嘉宝实业,0
上海华谊集团股份有限公司,0
上海申达股份有限公司,0
上海新世界股份有限公司,0
华东建筑集团股份有限公司,0
上海龙头,123
上海三爱富新材料股份有限公司,175
上海东方明珠新媒体股份有限公司,6
申能股份有限公司,6
上海爱建集团股份有限公司,0
上海同达创业投资股份有限公司,0
上海外高桥集团股份有限公司,0
上海飞乐音响股份有限公司,65
上海申华控股股份有限公司,0
中安消股份有限公司,0
上海豫园旅游商城股份有限公司,0
信达地产股份有限公司,0
北京电子城投资开发集团股份有限公司,0
福耀玻璃工业集团股份有限公司,381
上海陆家嘴金融贸易区开发股份有限公司,1
哈药集团股份有限公司,1
天地源股份有限公司,0
浙江尖峰集团股份有限公司,1
杭州天目山药业股份有限公司,4
中华企业股份有限公司,0
上海交运集团股份有限公司,16
航天通信控股集团股份有限公司,8
四川金顶,0
上海普天邮通科技股份有限公司,102
广州珠江实业开发股份有限公司,0
甘肃刚泰控股,0
中国石化上海石油化工股份有限公司,928
青岛海尔股份有限公司,4138
上海亚通股份有限公司,0
福建东百集团股份有限公司,0
大商股份有限公司,0
长春欧亚集团股份有限公司,0
四川沱牌舍得酒业股份有限公司,27
三安光电股份有限公司,3
物产中大集团股份有限公司,0
西安曲江文化旅游股份有限公司,0
常林股份有限公司,117
南京医药股份有限公司,0
天津港股份有限公司,23
东软集团股份有限公司,1325
宁波富达股份有限公司,0
云南云维股份有限公司,10
山东鲁北化工股份有限公司,0
佳都新太科技股份有限公司,150
重庆百货大楼股份有限公司,0
中国高科集团股份有限公司,6
湖南海利化工股份有限公司,63
成都前锋电子股份有限公司,0
福建实达集团股份有限公司,0
苏州新区高新技术产业股份有限公司,0
辽宁成大股份有限公司,1
山西焦化股份有限公司,46
华域汽车系统股份有限公司,17
闻泰科技股份有限公司,0
江苏索普化工股份有限公司,12
大连大福控股股份有限公司,0
上海实业发展股份有限公司,0
江中药业股份有限公司,300
上海锦江国际酒店发展股份有限公司,0
厦门国贸集团股份有限公司,0
浪潮软件股份有限公司,281
安徽合力股份有限公司,1615
通策医疗投资股份有限公司,0
运盛(上海)医疗科技股份有限公司,814666
西藏城市发展投资股份有限公司,0
武汉市汉商集团股份有限公司,0
南京熊猫电子股份有限公司,1138
新疆友好,0
四川水井坊股份有限公司,167
